Nom;median;TP;final
AFANOU KOKOUVI;7.5;16.6;10.7
AITELLI FLORIAN;5.25;11.4;17.0
ALLEAUME OLIVIER;12.9;20.0;16.0
ANCIAUX GHISLAIN;13.2;6.8;15.1
AZALE MEHDI;6.75;12.5;5.9
BARATON LUC;14.45;18.8;10.4
BEN-AMAR MONIA;14.45;20.0;9.3
BIZ REMI;11.7;20.0;10.9
BLONDEAU MATTHIEU;14.65;8.7;2.6
BONNEAU NICOLAS;6;19.9;9.0
BRIGOT MATHIEU;4.75;7.2;
BRUNEL HUGUES;7.8;8.0;12.3
CADITH JULIEN;14.3;8.6;3.6
CHATEAU SIMON;16.95;20.0;13.9
COURBE FREDERIC;13;19.8;7.7
COUTURIER SEBASTIEN;11.05;12.9;17.4
CRAPSKY JULIEN;5.5;16.4;5.5
D'AMICO PASCAL;4.15;11.4;7.6
DAUTREMER THIBAULT;12.5;11.4;1.2
DE-LA-FOREST-DIVONNE MATTHIEU;11.8;19.3;18.7
DE-SAINTE-FOY ROMAIN;7.7;16.2;10.2
DE-SOUZA DAMIEN;10.75;14.1;6.4
DEBARGE JEAN-PATRICK;9.75;20.0;14.5
DELAUNAY DENIS;12.75;11.9;8.9
DESPRES VIRGINIE;12.25;8.7;14.0
DOREAU DAVID;16.35;4.4;10.4
EL-ABDI TARIK;9.9;20.0;1.8
FERREIRA RAFAEL;8.5;20.0;8.9
FONROUGE HONORINE;16.15;12.0;10.4
FONROUGE JUSTINE;13.1;13.1;12.2
FORVEILLE VINCENT;6;5.8;10.4
FOURNIER VINCENT;16.55;20.0;1.2
GHANDOUR MAYA;16.05;20.0;19.5
GODFROY JEREMY;11.65;12.2;5.5
GONDARD EMMANUEL;10.75;19.4;1.3
GONZATO OLIVIER;15.5;4.5;9.5
GUENNOUN KARIM;13.5;16.8;17.5
GUERIN PAULINE;12.35;19.1;13.3
GUIRAUD AURELIE;3;5.2;8.8
HASLER YVES;14.8;20.0;3.1
HECKETSWEILER ANTOINE;15.5;7.7;9.6
HENRIQUES-SOARES BRUNO;8.05;5.6;11.3
IDE AURELIEN;10.95;6.8;10.4
JACQUET SEBASTIEN;7;10.3;1.8
JACQUOT ANNE-LAURE;7.3;20.0;15.6
JOSSIC ARNAUD;17.1;17.8;0.1
JOZWIAK LUDOVIC;6.5;19.6;17.5
KHLIL HICHAM;12;11.5;11.1
KUBINSKI STEPHANIE;12.25;15.3;5.2
LABERTHE FRANCOIS;4.25;15.2;3.9
LAMBERT SEVERIN;12.05;17.1;0.7
LANTENOIS CECILE;6.5;6.2;15.0
LAPIERRE MAXIME;9.25;13.2;6.4
LE-GOUIL CELIA;12;8.1;1.5
LEBBE ADRIEN;10.75;20.0;4.9
LECLERCQ CLEMENT;12.45;17.2;5.4
LEMAITRE THIBAULT;18;20.0;6.2
LIU JIE;15;4.1;
LOISEL BENJAMIN;15;11.1;6.9
LUCAS LAURENT;13.5;17.9;9.8
LUPPI LAURIANE;15.3;20.0;16.7
M'MADI FARHAT;8.8;20.0;5.8
MALASSENET EDWIGE;12.75;5.3;1.0
MIGNOT SOLINE;12;10.7;7.5
MORAND-PINCON DAVID;9.5;7.8;2.8
MORILLOT HELENE;16.6;20.0;10.5
MORIN NATHALIE;17.95;20.0;3.7
NGUYEN-HONG VIET;13.6;20.0;14.5
NOTO MARCO;5.5;16.4;3.5
NOYELLE ADELINE;14;15.4;10.2
NYCZ RAPHAEL;15.25;8.1;8.0
PELISSONNIER MYRIAM;13;19.4;16.4
PICHON TIMOTHEE;6;;5.1
PIQUET GUILLAUME;17.6;17.1;10.4
POLI-MARCHETTI COME;7.9;5.3;14.8
RANNOU CORENTIN;18.65;12.3;19.4
REIS-RENNO TIAGO;15.7;15.7;7.1
REMILLIEUX MARCEL;13.45;19.6;10.3
RIOUALLON ERWAN;10.1;9.0;5.4
ROBIC SOLENE;8.3;11.9;1.3
ROSSI MATHIEU;5.75;5.0;8.1
SALKIN BERTRAND;16.05;10.5;17.1
SANANES REMY;3.75;19.0;10.4
SANDAL HAMID;8.8;15.1;7.1
SAUVAGE CLAIRE;9.1;5.0;16.4
SDAD MEHDI;13.35;6.8;19.5
SECRAFI TAIEB;12.3;8.0;12.5
SELVANADIN CHRISTOPHER;10.25;12.0;6.9
TARDY LIONEL;4.6;20.0;17.1
TRIALOUP ALEXIS;2.9;8.4;19.7
TRIBOULT JOEL;14.55;18.0;11.9
ZHAO LIANG;8.9;13.9;19.0